# 按照年月日周天的方式统计

实现原理很简单，通过group by进行分组计算，求出每个时间段的数据即可。

## 年进行统计

```mysql
mysql> select service_order_id ,service_order_start_time from service_order group by DATE_FORMAT(service_order_start_time,'%y');
```

## 月进行统计

```mysql
mysql> select service_order_id ,service_order_start_time from service_order group by DATE_FORMAT(service_order_start_time,'%y%m');
```



## 日进行统计

```
mysql> select service_order_id ,service_order_start_time from service_order group by DATE_FORMAT(service_order_start_time,'%y%m%d');
```



## 周进行统计

```mysql
mysql> select service_order_id ,service_order_start_time from service_order group by DATE_FORMAT(service_order_start_time,'%y%u');
```

##  季度进行统计

```mysql
mysql> select service_order_id ,service_order_start_time from service_order group by FLOOR((DATE_FORMAT(service_order_start_time,'%m')-1)/3)+1;
```









```
mysql> select *from service_order;
+----------------------+--------------------+---------+--------------+--------------------------+-------------+----------------+-----------------+------------------+--------------+--------------------+---------------------------+
| service_order_id     | service_order_name | wd_name | jia_official | service_order_start_time | repair_cost | order_category | order_work_time | order_finsh_time | order_status | order_enclosure_id | service_order_institution |
+----------------------+--------------------+---------+--------------+--------------------------+-------------+----------------+-----------------+------------------+--------------+--------------------+---------------------------+
| 1491e443-14ac-4614-b | w                  | a       | w            | 2019-04-02 11:02:10      | 2           | NULL           | NULL            | NULL             | 创建处理     | NULL               | w                         |
| 2363b748-fdd3-435e-a | 34                 | dd      | 34           | 2019-04-02 10:35:00      | 34          | NULL           | NULL            | NULL             | 创建处理     | NULL               | 34                        |
| 2573c1bf-22fb-4d01-a | 服务订单一         | 网点1   | 甲方负责人   | 2019-03-18 09:39:07      | 122         | 0              | NULL            | NULL             | 创建处理     | NULL               | 使得                      |
| 2fb9f4cf-9a16-4557-b | s                  | dd      | s            | 2019-04-02 09:32:35      | 23          | NULL           | NULL            | NULL             | 创建处理     | NULL               | s                         |
| b5ec0808-05c8-49e6-b | ww                 | dd      | ww           | 2019-04-02 09:12:55      | 23          | NULL           | NULL            | NULL             | 创建处理     | NULL               | ww                        |
| c63b370f-7d43-4ced-a | w                  | a       | 2            | 2019-04-02 11:06:20      | 2           | NULL           | NULL            | NULL             | 创建处理     | NULL               | w                         |
+----------------------+--------------------+---------+--------------+--------------------------+-------------+----------------+-----------------+------------------+--------------+--------------------+---------------------------+
6 rows in set

mysql> select *from service_order
    -> group by DATE_FORMAT(service_order_start_time)
    -> ORDER BY ASC;
1582 - Incorrect parameter count in the call to native function 'DATE_FORMAT'
mysql> select *from service_order
    -> group by DATE_FORMAT(service_order_start_time,'%y%m%d')
    -> 
    -> 
    -> ORDER BY ASC;
1064 - You have an error in your SQL syntax; check the manual that corresponds to your MySQL server version for the right syntax to use near 'ASC' at line 5
mysql> select *from service_order
    -> group by DATE_FORMAT(service_order_start_time,'%y%m%d');
+----------------------+--------------------+---------+--------------+--------------------------+-------------+----------------+-----------------+------------------+--------------+--------------------+---------------------------+
| service_order_id     | service_order_name | wd_name | jia_official | service_order_start_time | repair_cost | order_category | order_work_time | order_finsh_time | order_status | order_enclosure_id | service_order_institution |
+----------------------+--------------------+---------+--------------+--------------------------+-------------+----------------+-----------------+------------------+--------------+--------------------+---------------------------+
| 2573c1bf-22fb-4d01-a | 服务订单一         | 网点1   | 甲方负责人   | 2019-03-18 09:39:07      | 122         | 0              | NULL            | NULL             | 创建处理     | NULL               | 使得                      |
| 1491e443-14ac-4614-b | w                  | a       | w            | 2019-04-02 11:02:10      | 2           | NULL           | NULL            | NULL             | 创建处理     | NULL               | w                         |
+----------------------+--------------------+---------+--------------+--------------------------+-------------+----------------+-----------------+------------------+--------------+--------------------+---------------------------+
2 rows in set

mysql> select service_order_id from service_order
    -> group by DATE_FORMAT(service_order_start_time,'%y%m%d');
+----------------------+
| service_order_id     |
+----------------------+
| 2573c1bf-22fb-4d01-a |
| 1491e443-14ac-4614-b |
+----------------------+
2 rows in set

mysql> select service_order_id from service_order;
+----------------------+
| service_order_id     |
+----------------------+
| 1491e443-14ac-4614-b |
| 2363b748-fdd3-435e-a |
| 2573c1bf-22fb-4d01-a |
| 2fb9f4cf-9a16-4557-b |
| b5ec0808-05c8-49e6-b |
| c63b370f-7d43-4ced-a |
+----------------------+
6 rows in set

mysql> select service_order_id from service_order
    -> group by DATE_FORMAT(service_order_start_time,'%y%m%d');
+----------------------+
| service_order_id     |
+----------------------+
| 2573c1bf-22fb-4d01-a |
| 1491e443-14ac-4614-b |
+----------------------+
2 rows in set

mysql> select service_order_id ,jia_official from service_order;
+----------------------+--------------+
| service_order_id     | jia_official |
+----------------------+--------------+
| 1491e443-14ac-4614-b | w            |
| 2363b748-fdd3-435e-a | 34           |
| 2573c1bf-22fb-4d01-a | 甲方负责人   |
| 2fb9f4cf-9a16-4557-b | s            |
| b5ec0808-05c8-49e6-b | ww           |
| c63b370f-7d43-4ced-a | 2            |
+----------------------+--------------+
6 rows in set

mysql> select service_order_id ,jia_official from service_order
    -> group by DATE_FORMAT(service_order_start_time,'%y%m%d');
+----------------------+--------------+
| service_order_id     | jia_official |
+----------------------+--------------+
| 2573c1bf-22fb-4d01-a | 甲方负责人   |
| 1491e443-14ac-4614-b | w            |
+----------------------+--------------+
2 rows in set

mysql> select service_order_id ,jia_official from service_order
    -> group by DATE_FORMAT(service_order_start_time,'%y%m%d');
+----------------------+--------------+
| service_order_id     | jia_official |
+----------------------+--------------+
| 2573c1bf-22fb-4d01-a | 甲方负责人   |
| 1491e443-14ac-4614-b | w            |
+----------------------+--------------+
2 rows in set

mysql> select service_order_id ,jia_official,service_order_start_time from service_order
    -> group by DATE_FORMAT(service_order_start_time,'%y%m%d');
1064 - You have an error in your SQL syntax; check the manual that corresponds to your MySQL server version for the right syntax to use near 'select service_order_id ,jia_official,service_order_start_time from service_orde' at line 3
mysql> select service_order_id ,service_order_start_time from service_order
    -> group by DATE_FORMAT(service_order_start_time,'%y%m%d');
1064 - You have an error in your SQL syntax; check the manual that corresponds to your MySQL server version for the right syntax to use near 'select service_order_id ,service_order_start_time from service_order

group b' at line 3
mysql> 
mysql> 
mysql> 
mysql> 
mysql> 
mysql> 
mysql> 
mysql> 
mysql> select service_order_id ,service_order_start_time from service_order
    -> group by DATE_FORMAT(service_order_start_time,'%y%m%d');
+----------------------+--------------------------+
| service_order_id     | service_order_start_time |
+----------------------+--------------------------+
| 2573c1bf-22fb-4d01-a | 2019-03-18 09:39:07      |
| 1491e443-14ac-4614-b | 2019-04-02 11:02:10      |
+----------------------+--------------------------+
2 rows in set

mysql> select service_order_id ,service_order_start_time from service_order
    -> group by DATE_FORMAT(service_order_start_time,'%y%u
');
+----------------------+--------------------------+
| service_order_id     | service_order_start_time |
+----------------------+--------------------------+
| 2573c1bf-22fb-4d01-a | 2019-03-18 09:39:07      |
| 1491e443-14ac-4614-b | 2019-04-02 11:02:10      |
+----------------------+--------------------------+
2 rows in set

mysql> select service_order_id ,service_order_start_time from service_order
    -> group by DATE_FORMAT(service_order_start_time,'%y%m
');
+----------------------+--------------------------+
| service_order_id     | service_order_start_time |
+----------------------+--------------------------+
| 2573c1bf-22fb-4d01-a | 2019-03-18 09:39:07      |
| 1491e443-14ac-4614-b | 2019-04-02 11:02:10      |
+----------------------+--------------------------+
2 rows in set

mysql> select service_order_id ,service_order_start_time from service_order
    -> group by DATE_FORMAT(service_order_start_time,'%y%m');
+----------------------+--------------------------+
| service_order_id     | service_order_start_time |
+----------------------+--------------------------+
| 1491e443-14ac-4614-b | 2018-11-20 11:02:10      |
| 2573c1bf-22fb-4d01-a | 2019-04-24 09:39:07      |
| 2363b748-fdd3-435e-a | 2019-06-13 10:35:00      |
| 2fb9f4cf-9a16-4557-b | 2019-07-19 09:32:35      |
+----------------------+--------------------------+
4 rows in set

mysql> select service_order_id ,service_order_start_time from service_order
    -> 
    -> 
    -> 
    -> ;
+----------------------+--------------------------+
| service_order_id     | service_order_start_time |
+----------------------+--------------------------+
| 1491e443-14ac-4614-b | 2018-11-20 11:02:10      |
| 2363b748-fdd3-435e-a | 2019-06-13 10:35:00      |
| 2573c1bf-22fb-4d01-a | 2019-04-24 09:39:07      |
| 2fb9f4cf-9a16-4557-b | 2019-07-19 09:32:35      |
| b5ec0808-05c8-49e6-b | 2019-04-02 09:12:55      |
| c63b370f-7d43-4ced-a | 2019-04-02 11:06:20      |
+----------------------+--------------------------+
6 rows in set

mysql> select service_order_id ,service_order_start_time from service_order group by FLOAT((DATE_FORMAT(service_order_start_time,'%M')-1)/3)+1;
1064 - You have an error in your SQL syntax; check the manual that corresponds to your MySQL server version for the right syntax to use near 'FLOAT((DATE_FORMAT(service_order_start_time,'%M')-1)/3)+1' at line 1
mysql> select service_order_id ,service_order_start_time from service_order group by FLOOR((DATE_FORMAT(service_order_start_time,'%M')-1)/3)+1;
+----------------------+--------------------------+
| service_order_id     | service_order_start_time |
+----------------------+--------------------------+
| 1491e443-14ac-4614-b | 2018-11-20 11:02:10      |
+----------------------+--------------------------+
1 row in set

mysql> select service_order_id ,service_order_start_time from service_order group by FLOAT((DATE_FORMAT(service_order_start_time,'%m')-1)/3)+1;
1064 - You have an error in your SQL syntax; check the manual that corresponds to your MySQL server version for the right syntax to use near 'FLOAT((DATE_FORMAT(service_order_start_time,'%m')-1)/3)+1' at line 1
mysql> select service_order_id ,service_order_start_time from service_order group by FLOOR((DATE_FORMAT(service_order_start_time,'%m')-1)/3)+1;
+----------------------+--------------------------+
| service_order_id     | service_order_start_time |
+----------------------+--------------------------+
| 2363b748-fdd3-435e-a | 2019-06-13 10:35:00      |
| 2fb9f4cf-9a16-4557-b | 2019-07-19 09:32:35      |
| 1491e443-14ac-4614-b | 2018-11-20 11:02:10      |
+----------------------+--------------------------+
3 rows in set

mysql> 
```

