数据库服务器的操作
1.操作数据库使用SQL语句，作用是用来操作服务器，启动数据库就尅使用SQL进行操作
2.格式：sql语句在单行行中或者多行进行书写，以分号结尾
3.数据库的sql语句分类
  DDL:数据库定义语言
  DML:数据库操作语言
  DCL:数据控制语言
  DQL:数据库查询语言
==========================================================================================================
4.数据库定义语言[DDL]
  查看数据库：show databases;
  数据库切换：use XXX
  创建数据库：create database XXX;
  删除数据库：DROP TABLE [IF EXISTS] XXX'
  修改数据库的编码：ALTER DATABASE MYSQL1 CHARACTER(character) UTF-8;
5.数据类型：
  int：整型
  double：浮点型
  decimal:浮点型
  char:固定长度
  varchar：可变长度
  text:字符串
  blob:字节类型
  date:日期类型
  time:日期类型
  timestamp:时间戳类型
6.表
  创建表：
    create tables XX(
        列名  列表类型，
        列名  列表类型，
        列名  列表类型，
        列名  列表类型
    );
7.修改列表类型：
  ALTER TABLE 表名 MODIFY  列名 类型；
  修改类名：
  ALTER TABLE 表名  CHANGE 原列名 新列名 列类型；
  删除列：
  ALTER TABLE 表名  DROP 列名;
  修改表名称：
  ALTER TABLE 原表名 RENAME TO 新表名;

    mysql> ALTER TABLE USERINFO RENAME TO INFO;
    Query OK, 0 rows affected (0.11 sec)

    mysql> ALTER TABLE INFO MODIFY id varchar(10);
    Query OK, 0 rows affected (0.21 sec)
    Records: 0  Duplicates: 0  Warnings: 0

    mysql> ALTER TABLE INFO CHANGE ID UID VARCHAR(10);
    Query OK, 0 rows affected (0.10 sec)
    Records: 0  Duplicates: 0  Warnings: 0

    mysql> ALTER TABLE INFO DROP UID;
    Query OK, 0 rows affected (0.11 sec)
    Records: 0  Duplicates: 0  Warnings: 0

    mysql> DESC
        -> INFO;
    +----------+-------------+------+-----+---------+-------+
    | Field    | Type        | Null | Key | Default | Extra |
    +----------+-------------+------+-----+---------+-------+
    | username | char(1)     | YES  |     | NULL    |       |
    | passwd   | varchar(10) | YES  |     | NULL    |       |
    +----------+-------------+------+-----+---------+-------+
    2 rows in set (0.03 sec)


默写一遍：
    SHOW DATABASE;
    SHOW TABLE;
    CREATE TABLE xxx();
  数据类型：
    int：整型
    char：固定长度的char
    varchar:变化的char类型
    blob:大数据性
    text：文本
  语句：
    修改表名：
      ALTER TABLE 表名 RENAME TO 新表名；
    修该列的数据类型：
      ALTER TABLE 表名 MODIFY 列名 数据类型
    修改列的名称
      ALTER TABLE 表名 CHANGE 原列名 新列名 数据量类型
    删除列
      ALTER TABLE 表名 DROP 列名
==============================================================================================================
数据库定义语言 数据库操作语言  数据库查询语言  数据库控制语言
=============================================================================================================
数据库操作语言DML
  插入数据
    INSERT INTO 表名(列名1，类名2，……)values（列植1，列值2，……）；
    INSERT INTO 表名 VALUES(值，值);
  修改数据
    UPDATE 表名 SET 列名1=列值1，列值2=列值2 WHERE xxx;
  
  mysql> CREATE TABLE INFO (ID INT PRIMARY KEY , UASERNAME VARCHAR(10), PASSWD VARCHAR(10));
Query OK, 0 rows affected (0.09 sec)

mysql> DESC INFO;
+-----------+-------------+------+-----+---------+-------+
| Field     | Type        | Null | Key | Default | Extra |
+-----------+-------------+------+-----+---------+-------+
| ID        | int(11)     | NO   | PRI | NULL    |       |
| UASERNAME | varchar(10) | YES  |     | NULL    |       |
| PASSWD    | varchar(10) | YES  |     | NULL    |       |
+-----------+-------------+------+-----+---------+-------+
3 rows in set (0.02 sec)

mysql> INSERT INTO INFO VALUE('1','KANGWANG',"123");
Query OK, 1 row affected (0.20 sec)

mysql> SELECT *FROM INFO;
+----+-----------+--------+
| ID | UASERNAME | PASSWD |
+----+-----------+--------+
|  1 | KANGWANG  | 123    |
+----+-----------+--------+
1 row in set (0.07 sec)

mysql> INSERT INTO INFO(id) VALUE(2);
Query OK, 1 row affected (0.03 sec)

mysql> SELECT *FROM INFO;
+----+-----------+--------+
| ID | UASERNAME | PASSWD |
+----+-----------+--------+
|  1 | KANGWANG  | 123    |
|  2 | NULL      | NULL   |
|  3 | NULL      | NULL   |
+----+-----------+--------+
3 rows in set (0.00 sec)

mysql> UPDATE INFO SET ID =6 WHERE ID =1;
Query OK, 1 row affected (0.13 sec)
Rows matched: 1  Changed: 1  Warnings: 0

数据库操作：
    增加和修改（更新）
    INSERT INTO TABLEMING VALUES(VALUE……);
    UPDATA TABLEM SET XX=XX WHERE XX=XX;
==============================================================================================================================================
数据库控制语言（DCL）
    一个项目创建一个用户，一个项目的对应的数据库只有一个，只可以操作一个数据库
1.创建一个用户
  CREATE USER USERNAME@IPADDRESS IDENTIFIED BY '密码';
  CREATE USER USERNAME@'%' IDENTIFIED BY '密码';
2.给用户授权
  grant 权限1，……，权限n ON 数据库.* TO USERNMAE@IPADDR;
3.撤销授权
  REVOKE 权限1, … , 权限n ON 数据库.* FROM 用户名@IP地址;
    > 撤消指定用户在指定数据库上的指定权限
    > 例如；REVOKE CREATE,ALTER,DROP ON mydb1.* FROM user1@localhost;
      撤消user1用户在mydb1数据库上的create、alter、drop权限
4.查看权限
   SHOW GRANTS FOR 用户名@IP地址
   > 查看指定用户的权限
5.删除用户
  DROP USER 用户名@IP地址


mysql> CREATE USER KANGWANG@LOCALHOST IDENTIFIED BY 'KANGWANG123';
Query OK, 0 rows affected (0.47 sec)

mysql> GRANT DROP ON INFO.* TO KANGWANG@LOCALHOST;
Query OK, 0 rows affected (0.02 sec)

mysql> GRANT CREATE ON INFO.* TO KANGWANG@LOCALHOST;
Query OK, 0 rows affected (0.08 sec)

mysql> SHOW GRANTS FOR KANGWANG@LOCALHOST;
+-----------------------------------------------------------------------------------------------------------------+
| Grants for KANGWANG@localhost                                                                                   |
+-----------------------------------------------------------------------------------------------------------------+
| GRANT USAGE ON *.* TO 'KANGWANG'@'localhost' IDENTIFIED BY PASSWORD '*5A0572C297B0177D316093C4E540403E5E417A80' |
| GRANT CREATE, DROP ON `info`.* TO 'KANGWANG'@'localhost'                                                        |
+-----------------------------------------------------------------------------------------------------------------+
2 rows in set (0.00 sec)

我的总结：
    CREATE USER KANGWANG@LOCALHOST INDENTIFIED BY 'kangwang1';
=============================================================================================================================================
查询语句DQL
1.字段控制
  查询所有列
  SELECT * FROM 表名；
  查询指定列
  SELECT EMPNO1,EMPNO2 FROM 表名；
  完全重复的只查询一次
  SELECT DISTINCT * FROM 表名；
2.列运算
  SELECT SAL*5 FROM EMP;
  SELECT IFNULL(COMM,0)+1000 FROM EMP;
3.单表条件查询
4.排序
  SELECT *FROM ZZ ORDER BY ASC;
  SELECT *FROM XX ORDER BY DESC;
5.